provincia;codigo;municipio;lintelef;rdsi;adsl;poblacion;claspob;ingresos;clasing;cooperativas;CentrosSalud
Almería;4001;Abla;345;12;149;1463;P1;1638,76;I2;0;1
Almería;4002;Abrucena;274;9;103;1367;P1;987,08;I1;0;0
Almería;4003;Adra;4124;184;2664;24512;P2;856,01;I1;0;1
Almería;4004;Albánchez;248;10;93;814;P1;1051,14;I1;0;0
Almería;4005;Alboloduy;188;9;38;667;P1;1395,17;I1;0;0
Almería;4006;Albox;2393;115;1419;11042;P1;883,66;I1;0;1
Almería;4007;Alcolea;154;8;61;902;P1;1621,07;I2;0;0
Almería;4008;Alcóntar;144;0;1;598;P1;1526,42;I2;0;0
Almería;4009;Alcudia de Monteagud;26;0;0;144;P1;2250,22;I2;0;0
Almería;4010;Alhabia;134;5;52;718;P1;2206,07;I2;0;0
Almería;4011;Alhama de Almería;909;26;652;3824;P1;1327,72;I1;0;1
Almería;4012;Alicún;64;0;20;253;P1;1596,49;I2;0;0
Almería;4013;Almería;37077;2799;19904;190013;P3;1167,75;I1;0;11
Almería;4014;Almócita;47;1;17;185;P1;4887,89;I3;0;0
Almería;4015;Alsodux;19;1;0;149;P1;2342,3;I2;0;0
Almería;4016;Antas;836;82;511;3389;P1;923,15;I1;0;0
Almería;4017;Arboleas;639;23;254;4731;P1;971,22;I1;0;0
Almería;4018;Armuña de Almanzora;90;2;42;339;P1;1535,42;I2;0;0
Almería;4019;Bacares;79;0;0;274;P1;3929,63;I3;0;0
Almería;4020;Bayárcal;42;0;0;358;P1;2356,14;I2;0;0
Almería;4021;Bayarque;68;2;28;233;P1;1409,17;I1;0;0
Almería;4022;Bédar;284;1;94;1039;P1;1157,01;I1;0;0
Almería;4023;Beires;34;0;3;121;P1;3456,84;I3;0;0
Almería;4024;Benahadux;1008;60;819;4059;P1;868,5;I1;0;1
Almería;4026;Benitagla;9;0;0;84;P1;2941,81;I2;0;0
Almería;4027;Benizalón;66;0;2;286;P1;1505,01;I2;0;0
Almería;4028;Bentarique;54;0;17;280;P1;2988,41;I2;0;0
Almería;4029;Berja;2769;68;1950;15325;P1;984,23;I1;0;1
Almería;4030;Canjáyar;345;9;152;1490;P1;1500,22;I2;0;0
Almería;4031;Cantoria;729;21;283;4001;P1;875;I1;0;0
Almería;4032;Carboneras;1895;62;1387;8123;P1;1708,45;I2;0;1
Almería;4033;Castro de Filabres;20;0;0;154;P1;2115,17;I2;0;0
Almería;4034;Cóbdar;57;2;6;165;P1;2622,63;I2;0;0
Almería;4035;Cuevas del Almanzora;2547;119;1592;12891;P1;766,59;I1;0;1
Almería;4036;Chercos;56;0;1;287;P1;1563,24;I2;0;0
Almería;4037;Chirivel;424;0;124;1852;P1;1723,81;I2;0;0
Almería;4038;Dalías;850;25;537;3983;P1;1013,88;I1;0;0
Almería;4041;Enix;94;0;10;469;P1;820,25;I1;0;0
Almería;4044;Fines;455;22;303;2434;P1;1410,19;I1;0;0
Almería;4045;Fiñana;536;0;264;2432;P1;793;I1;0;0
Almería;4046;Fondón;239;4;94;989;P1;1661,01;I2;0;0
Almería;4047;Gádor;614;19;390;3225;P1;1336,7;I1;0;0
Almería;4048;Gallardos (Los);633;20;369;3828;P1;796,02;I1;0;0
Almería;4049;Garrucha;2226;80;1580;8441;P1;639,17;I1;0;0
Almería;4050;Gérgal;261;14;101;1099;P1;1120,45;I1;0;0
Almería;4051;Huécija;117;3;43;543;P1;1447,22;I1;0;0
Almería;4052;Huércal de Almería;2585;275;2272;15628;P1;817,75;I1;0;0
Almería;4053;Huércal-Overa;3651;195;2412;18278;P1;803,46;I1;0;1
Almería;4054;Illar;97;4;18;421;P1;2405,57;I2;0;0
Almería;4055;Instinción;129;4;37;485;P1;1243,26;I1;0;0
Almería;4056;Laroya;17;0;0;164;P1;3107,77;I3;0;0
Almería;4057;Láujar de Andarax;489;16;241;1799;P1;902,58;I1;0;0
Almería;4058;Líjar;87;5;33;514;P1;1476,92;I1;0;0
Almería;4059;Lubrín;520;0;93;1764;P1;927,65;I1;0;0
Almería;4060;Lucainena de las Torres;85;4;4;671;P1;1775,47;I2;0;0
Almería;4061;Lúcar;180;0;94;885;P1;1069,66;I1;0;0
Almería;4062;Macael;1258;58;839;6120;P1;1038,71;I1;0;0
Almería;4063;María;349;6;131;1455;P1;1401,39;I1;0;0
Almería;4064;Mojácar;2572;139;1644;7745;P1;1451,33;I1;0;0
Almería;4065;Nacimiento;131;8;27;486;P1;1280,82;I1;0;0
Almería;4066;Níjar;4591;235;2622;28242;P2;822,83;I1;0;1
Almería;4068;Olula de Castro;30;0;0;209;P1;1197,81;I1;0;0
Almería;4069;Olula del Río;1443;51;1042;6733;P1;864,4;I1;0;1
Almería;4070;Oria;434;1;3;2888;P1;820,56;I1;0;0
Almería;4071;Padules;118;5;34;502;P1;1387,39;I1;0;0
Almería;4072;Partaloa;103;0;3;898;P1;893,64;I1;0;0
Almería;4073;Paterna del Río;111;1;3;449;P1;1965,7;I2;0;0
Almería;4074;Pechina;762;11;633;3720;P1;1019,88;I1;0;0
Almería;4075;Pulpí;1667;94;1096;8429;P1;1381,31;I1;0;0
Almería;4076;Purchena;346;24;201;1772;P1;1500,98;I2;0;0
Almería;4077;Rágol;70;4;10;356;P1;2048,95;I2;0;0
Almería;4078;Rioja;274;4;168;1361;P1;1135,33;I1;0;0
Almería;4079;Roquetas de Mar;16752;843;10488;85808;P3;879,45;I1;0;3
Almería;4080;Santa Cruz de Marchena;42;1;1;240;P1;2017,9;I2;0;0
Almería;4081;Santa Fe de Mondújar;110;2;36;489;P1;1532,22;I2;0;0
Almería;4082;Senés;84;0;1;338;P1;1427,39;I1;0;0
Almería;4083;Serón;566;18;202;2385;P1;2128,54;I2;0;1
Almería;4084;Sierro;104;0;1;460;P1;1044,04;I1;0;0
Almería;4085;Somontín;109;0;39;525;P1;1064,7;I1;0;0
Almería;4086;Sorbas;685;20;209;2905;P1;933,84;I1;0;1
Almería;4087;Suflí;58;0;27;262;P1;2518,66;I2;0;0
Almería;4088;Tabernas;744;21;427;3626;P1;1277,86;I1;0;1
Almería;4089;Taberno;187;6;35;1149;P1;768,72;I1;0;0
Almería;4090;Tahal;73;0;0;431;P1;1539,98;I2;0;0
Almería;4091;Terque;109;1;21;464;P1;2310,85;I2;0;0
Almería;4092;Tíjola;787;26;524;3955;P1;1171,56;I1;0;0
Almería;4093;Turre;907;20;505;3791;P1;1175,42;I1;0;0
Almería;4094;Turrillas;33;0;0;233;P1;4196,88;I3;0;0
Almería;4095;Uleila del Campo;210;7;65;1015;P1;895,34;I1;0;0
Almería;4096;Urrácal;77;0;32;348;P1;1420,73;I1;0;0
Almería;4097;Velefique;55;0;0;295;P1;1280,41;I1;0;0
Almería;4098;Vélez-Blanco;579;16;202;2282;P1;1297,31;I1;0;0
Almería;4099;Vélez-Rubio;1591;50;878;7138;P1;1780,27;I2;0;1
Almería;4100;Vera;3285;216;2523;14371;P1;1130,33;I1;0;1
Almería;4101;Viator;1535;219;1328;5043;P1;1095,19;I1;0;0
Almería;4102;Vícar;3248;186;2545;23410;P2;1417,68;I1;0;1
Almería;4103;Zurgena;575;9;252;3060;P1;785,47;I1;0;0
Almería;4901;Tres Villas (Las);143;0;14;655;P1;1182,5;I1;0;0
Almería;4902;Ejido (El);13174;1154;8334;85389;P3;1026,16;I1;0;3
Almería;4903;Mojonera (La);1616;124;1050;8540;P1;773,77;I1;0;0
Cádiz;11001;Alcalá de los Gazules;1088;31;592;5592;P1;1371,87;I1;0;0
Cádiz;11002;Alcalá del Valle;463;16;242;5319;P1;1165,32;I1;0;1
Cádiz;11004;Algeciras;16533;1457;8720;116417;P3;1023,69;I1;0;4
Cádiz;11005;Algodonales;724;27;262;5743;P1;1514,13;I2;0;0
Cádiz;11006;Arcos de la Frontera;5328;249;3497;31449;P2;1007,53;I1;0;1
Cádiz;11007;Barbate;5199;89;3435;22977;P2;982,33;I1;0;1
Cádiz;11008;Barrios (Los);4792;367;3802;22587;P2;982,39;I1;0;1
Cádiz;11009;Benaocaz;154;2;90;754;P1;2106,3;I2;0;0
Cádiz;11010;Bornos;1331;25;788;8109;P1;829,83;I1;0;0
Cádiz;11011;Bosque (El);487;19;306;2098;P1;963,7;I1;0;0
Cádiz;11012;Cádiz;19477;1864;9364;125826;P3;1446,6;I1;0;7
Cádiz;11013;Castellar de la Frontera;648;20;483;3175;P1;1046,37;I1;0;0
Cádiz;11014;Conil de la Frontera;5524;206;3621;21331;P2;1093,83;I1;0;1
Cádiz;11015;Chiclana de la Frontera;14465;630;8454;78591;P3;1101,71;I1;0;2
Cádiz;11016;Chipiona;4212;94;2250;18722;P1;1423,73;I1;0;1
Cádiz;11017;Espera;437;9;226;3969;P1;720,01;I1;0;0
Cádiz;11018;Gastor (El);203;11;79;1851;P1;1007,33;I1;0;0
Cádiz;11019;Grazalema;475;24;246;2203;P1;1436,13;I1;0;0
Cádiz;11020;Jerez de la Frontera;34343;2521;18120;208896;P3;1271,9;I1;0;9
Cádiz;11021;Jimena de la Frontera;2521;24;1584;10440;P1;604,59;I1;0;1
Cádiz;11022;Línea de la Concepción (La);10190;410;5980;64645;P3;1038,58;I1;0;3
Cádiz;11023;Medina-Sidonia;2434;64;1453;11741;P1;1182,04;I1;0;1
Cádiz;11024;Olvera;1771;53;711;8570;P1;976,08;I1;0;1
Cádiz;11025;Paterna de Rivera;525;5;291;5680;P1;900,08;I1;0;0
Cádiz;11026;Prado del Rey;1106;19;642;5948;P1;1101,93;I1;0;0
Cádiz;11027;Puerto de Santa María (El);16946;1028;10271;88503;P3;1071,15;I1;0;4
Cádiz;11028;Puerto Real;5432;399;2881;40667;P2;1183,24;I1;0;2
Cádiz;11029;Puerto Serrano;465;17;216;7116;P1;991,05;I1;0;0
Cádiz;11030;Rota;5792;257;3044;28904;P2;1399,67;I1;0;1
Cádiz;11031;San Fernando;11759;461;6588;96689;P3;716,12;I1;0;3
Cádiz;11032;Sanlúcar de Barrameda;8079;360;3822;66541;P3;1167,44;I1;0;2
Cádiz;11033;San Roque;9996;472;6915;29588;P2;1836,97;I2;0;1
Cádiz;11034;Setenil de las Bodegas;520;10;279;2967;P1;1770,47;I2;0;0
Cádiz;11035;Tarifa;5274;134;3804;17768;P1;1117,91;I1;0;1
Cádiz;11036;Torre Alháquime;155;2;63;833;P1;1280,06;I1;0;0
Cádiz;11037;Trebujena;1363;17;829;7034;P1;1258,96;I1;0;1
Cádiz;11038;Ubrique;3427;129;2019;16915;P1;867,4;I1;0;1
Cádiz;11039;Vejer de la Frontera;2777;50;1478;12876;P1;1321,64;I1;0;1
Cádiz;11040;Villaluenga del Rosario;122;9;51;479;P1;3522,01;I3;0;0
Cádiz;11041;Villamartín;1917;71;1099;12570;P1;902,03;I1;0;1
Cádiz;11042;Zahara;263;10;76;1519;P1;1633,95;I2;0;0
Cádiz;11901;Benalup-Casas Viejas;1092;29;581;7183;P1;1407,83;I1;0;1
Cádiz;11902;San José del Valle;609;7;275;4416;P1;998,27;I1;0;0
Córdoba;14001;Adamuz;756;0;338;4414;P1;1319,1;I1;0;0
Córdoba;14002;Aguilar de la Frontera;2574;60;1494;13693;P1;1175,76;I1;0;1
Córdoba;14004;Almedinilla;516;13;150;2524;P1;1035,34;I1;0;0
Córdoba;14005;Almodóvar del Río;1627;25;967;7916;P1;1286,26;I1;0;0
Córdoba;14006;Añora;308;6;154;1540;P1;1884,9;I2;0;0
Córdoba;14007;Baena;2881;119;1522;20862;P2;1334,96;I1;0;1
Córdoba;14008;Belalcázar;775;8;287;3458;P1;846,35;I1;0;0
Córdoba;14009;Belmez;987;14;513;3207;P1;2021,52;I2;0;0
Córdoba;14010;Benamejí;992;19;488;5184;P1;1536,11;I2;0;1
Córdoba;14011;Blázquez (Los);218;3;96;728;P1;1716,29;I2;0;0
Córdoba;14012;Bujalance;1839;30;1015;7910;P1;887,81;I1;0;1
Córdoba;14013;Cabra;4322;117;2491;21266;P2;1035,58;I1;0;1
Córdoba;14014;Cañete de las Torres;700;16;378;3133;P1;1411,25;I1;0;0
Córdoba;14015;Carcabuey;794;19;431;2685;P1;977,72;I1;0;0
Córdoba;14016;Cardeña;509;0;174;1732;P1;1156,14;I1;0;0
Córdoba;14017;Carlota (La);2590;80;1406;13469;P1;909,84;I1;0;1
Córdoba;14018;Carpio (El);1046;32;655;4596;P1;1586,5;I2;0;0
Córdoba;14019;Castro del Río;1386;27;670;8095;P1;799,71;I1;0;1
Córdoba;14020;Conquista;159;0;41;470;P1;1709,84;I2;0;0
Córdoba;14021;Córdoba;68455;4671;34484;328547;P3;1135,21;I1;0;13
Córdoba;14022;Doña Mencía;1227;15;732;5029;P1;1273,02;I1;0;0
Córdoba;14023;Dos Torres;475;8;227;2563;P1;1243,66;I1;0;0
Córdoba;14024;Encinas Reales;480;16;255;2419;P1;929,76;I1;0;0
Córdoba;14025;Espejo;1024;7;538;3622;P1;1129,02;I1;0;0
Córdoba;14026;Espiel;683;24;359;2484;P1;1421,76;I1;0;0
Córdoba;14027;Fernán-Núñez;1938;37;1062;9736;P1;838,14;I1;0;1
Córdoba;14028;Fuente la Lancha;72;2;19;374;P1;2060,22;I2;0;0
Córdoba;14029;Fuente Obejuna;1556;30;636;5225;P1;998,05;I1;0;0
Córdoba;14030;Fuente Palmera;1903;50;914;10865;P1;924,36;I1;0;1
Córdoba;14031;Fuente-Tójar;189;7;46;772;P1;1528,35;I2;0;0
Córdoba;14032;Granjuela (La);163;2;67;522;P1;2146,29;I2;0;0
Córdoba;14033;Guadalcázar;304;4;191;1593;P1;1022,7;I1;0;0
Córdoba;14034;Guijo (El);86;4;1;429;P1;2701,7;I2;0;0
Córdoba;14035;Hinojosa del Duque;1606;34;741;7366;P1;922,07;I1;0;1
Córdoba;14036;Hornachuelos;1034;7;477;4696;P1;1650,18;I2;0;0
Córdoba;14037;Iznájar;1185;10;428;4714;P1;1139,58;I1;0;1
Córdoba;14038;Lucena;7328;611;3761;42308;P2;1127,24;I1;0;2
Córdoba;14039;Luque;783;24;378;3379;P1;1015,64;I1;0;0
Córdoba;14040;Montalbán de Córdoba;610;19;175;4542;P1;1117,14;I1;0;0
Córdoba;14041;Montemayor;446;21;120;4114;P1;919,47;I1;0;0
Córdoba;14042;Montilla;4901;251;2787;23907;P2;1498,3;I1;0;1
Córdoba;14043;Montoro;2202;59;1212;9915;P1;1809,55;I2;0;1
Córdoba;14044;Monturque;385;14;229;2009;P1;1368,42;I1;0;0
Córdoba;14045;Moriles;762;14;460;3950;P1;836,65;I1;0;0
Córdoba;14046;Nueva Carteya;733;15;322;5679;P1;853,47;I1;0;0
Córdoba;14047;Obejo;410;9;266;1876;P1;1688,12;I2;0;0
Córdoba;14048;Palenciana;329;3;166;1607;P1;1216,5;I1;0;0
Córdoba;14049;Palma del Río;3603;165;2297;21605;P2;1540,58;I2;0;1
Córdoba;14050;Pedro Abad;666;14;433;2983;P1;938,95;I1;0;0
Córdoba;14051;Pedroche;327;1;146;1660;P1;1226,7;I1;0;0
Córdoba;14052;Peñarroya-Pueblonuevo;3074;66;1923;11814;P1;2430,53;I2;0;1
Córdoba;14053;Posadas;1652;31;1035;7590;P1;907,74;I1;0;1
Córdoba;14054;Pozoblanco;4374;176;3024;17796;P1;992,4;I1;0;1
Córdoba;14055;Priego de Córdoba;5740;135;3131;23563;P2;908,2;I1;0;1
Córdoba;14056;Puente Genil;5673;203;2846;30245;P2;808,97;I1;0;2
Córdoba;14057;Rambla (La);1701;45;994;7600;P1;1106,23;I1;0;1
Córdoba;14058;Rute;2898;58;1594;10563;P1;1164,2;I1;0;1
Córdoba;14059;San Sebastián de los Ballesteros;230;1;102;832;P1;1518,37;I2;0;0
Córdoba;14060;Santaella;1144;24;523;6182;P1;1127,2;I1;0;0
Córdoba;14061;Santa Eufemia;258;1;40;960;P1;2185,64;I2;0;0
Córdoba;14062;Torrecampo;366;3;134;1291;P1;1669,54;I2;0;0
Córdoba;14063;Valenzuela;404;3;165;1317;P1;1000,59;I1;0;0
Córdoba;14064;Valsequillo;151;1;53;401;P1;2196,83;I2;0;0
Córdoba;14065;Victoria (La);492;7;297;2278;P1;985,77;I1;0;0
Córdoba;14066;Villa del Río;1568;49;1018;7451;P1;1136,97;I1;0;0
Córdoba;14067;Villafranca de Córdoba;954;42;711;4660;P1;1108,51;I1;0;0
Córdoba;14068;Villaharta;210;3;78;762;P1;1605,44;I2;0;0
Córdoba;14069;Villanueva de Córdoba;2233;42;1172;9599;P1;719,15;I1;0;1
Córdoba;14070;Villanueva del Duque;403;3;156;1618;P1;1598,99;I2;0;0
Córdoba;14071;Villanueva del Rey;308;1;121;1206;P1;1164,94;I1;0;0
Córdoba;14073;Villaviciosa de Córdoba;543;8;124;3556;P1;995,16;I1;0;1
Córdoba;14074;Viso (El);722;5;357;2822;P1;1351,32;I1;0;0
Córdoba;14075;Zuheros;243;2;86;767;P1;1682,31;I2;0;0
Granada;18001;Agrón;68;1;0;340;P1;1524,35;I2;0;0
Granada;18002;Alamedilla;160;2;42;699;P1;1983,04;I2;0;0
Granada;18003;Albolote;4436;447;2806;17637;P1;951,18;I1;0;1
Granada;18004;Albondón;187;6;51;883;P1;1528,8;I2;0;0
Granada;18005;Albuñán;125;0;36;429;P1;1270,8;I1;0;0
Granada;18006;Albuñol;1207;28;656;6704;P1;798,2;I1;0;1
Granada;18007;Albuñuelas;305;3;81;982;P1;1413,84;I1;0;0
Granada;18010;Aldeire;216;12;87;696;P1;1985,78;I2;0;0
Granada;18011;Alfacar;1576;17;1122;5444;P1;825,59;I1;0;1
Granada;18012;Algarinejo;760;3;238;3552;P1;1032,47;I1;0;0
Granada;18013;Alhama de Granada;1414;16;712;6097;P1;1006,25;I1;0;1
Granada;18014;Alhendín;2236;40;1861;6934;P1;756,61;I1;0;0
Granada;18015;Alicún de Ortega;132;0;57;520;P1;1762,42;I2;0;0
Granada;18016;Almegíjar;88;0;10;401;P1;1948,46;I2;0;0
Granada;18017;Almuñécar;8115;208;3811;27703;P2;1463,66;I1;0;1
Granada;18018;Alquife;237;3;86;692;P1;1133,61;I1;0;1
Granada;18020;Arenas del Rey;447;0;114;2029;P1;960,54;I1;0;0
Granada;18021;Armilla;4044;170;2330;21895;P2;910,47;I1;0;1
Granada;18022;Atarfe;3941;223;3040;15945;P1;889,72;I1;0;1
Granada;18023;Baza;5020;160;3106;21982;P2;1869,5;I2;0;1
Granada;18024;Beas de Granada;210;4;103;1035;P1;679,39;I1;0;0
Granada;18025;Beas de Guadix;101;0;29;396;P1;1416,49;I1;0;0
Granada;18027;Benalúa;750;16;423;3368;P1;1109,6;I1;0;0
Granada;18028;Benalúa de las Villas;343;4;142;1414;P1;1618,16;I2;0;0
Granada;18029;Benamaurel;508;5;155;2458;P1;1326,74;I1;0;1
Granada;18030;Bérchules;162;3;43;822;P1;1080,98;I1;0;0
Granada;18032;Bubión;126;6;60;350;P1;1630,26;I2;0;0
Granada;18033;Busquístar;75;0;41;298;P1;1298,96;I1;0;0
Granada;18034;Cacín;225;2;82;618;P1;1182,88;I1;0;0
Granada;18035;Cádiar;437;9;213;1637;P1;1690,05;I2;0;1
Granada;18036;Cájar;1054;16;737;4690;P1;689,15;I1;0;0
Granada;18037;Calicasas;147;0;78;555;P1;1697,21;I2;0;0
Granada;18038;Campotéjar;333;5;162;1418;P1;1037,08;I1;0;0
Granada;18039;Caniles;938;8;433;4905;P1;762,65;I1;0;0
Granada;18040;Cáñar;59;0;27;412;P1;1692,22;I2;0;0
Granada;18042;Capileira;171;4;90;541;P1;2058,73;I2;0;0
Granada;18043;Carataunas;35;1;0;195;P1;1634,78;I2;0;0
Granada;18044;Cástaras;68;2;0;282;P1;1353,96;I1;0;0
Granada;18045;Castilléjar;356;0;103;1580;P1;1242,69;I1;0;0
Granada;18046;Castril;659;2;215;2451;P1;1205,64;I1;0;0
Granada;18047;Cenes de la Vega;2003;27;1980;7085;P1;558,79;I1;0;1
Granada;18048;Cijuela;742;14;587;2993;P1;985,65;I1;0;0
Granada;18049;Cogollos de Guadix;188;1;53;716;P1;1277,57;I1;0;0
Granada;18050;Cogollos de la Vega;507;8;298;2068;P1;1498,18;I1;0;0
Granada;18051;Colomera;330;4;129;1545;P1;1074,98;I1;0;0
Granada;18053;Cortes de Baza;609;1;201;2259;P1;838,47;I1;0;0
Granada;18054;Cortes y Graena;245;2;93;1033;P1;1338,75;I1;0;0
Granada;18056;Cúllar;1089;16;379;4703;P1;881,38;I1;0;0
Granada;18057;Cúllar Vega;1712;25;1322;6914;P1;717,85;I1;0;0
Granada;18059;Chauchina;1412;58;964;4760;P1;945,35;I1;0;0
Granada;18061;Chimeneas;381;5;156;1520;P1;1144,91;I1;0;0
Granada;18062;Churriana de la Vega;2611;79;1654;12448;P1;705,91;I1;0;1
Granada;18063;Darro;283;0;140;1462;P1;765,79;I1;0;0
Granada;18064;Dehesas de Guadix;130;2;46;433;P1;1387,02;I1;0;0
Granada;18066;Deifontes;562;5;376;2528;P1;753,37;I1;0;0
Granada;18067;Diezma;229;2;77;786;P1;1812,67;I2;0;0
Granada;18068;Dílar;548;6;338;1727;P1;937,81;I1;0;0
Granada;18069;Dólar;174;4;40;618;P1;1957,66;I2;0;0
Granada;18070;Dúdar;111;1;59;335;P1;1973,24;I2;0;0
Granada;18071;Dúrcal;1306;42;776;7302;P1;751,02;I1;0;1
Granada;18072;Escúzar;229;10;118;804;P1;2133,96;I2;0;0
Granada;18074;Ferreira;98;0;19;338;P1;1929,71;I2;0;0
Granada;18076;Fonelas;201;0;66;1094;P1;1208,34;I1;0;0
Granada;18078;Freila;234;1;68;1132;P1;2518,72;I2;0;0
Granada;18079;Fuente Vaqueros;973;34;639;4353;P1;824,07;I1;0;0
Granada;18082;Galera;335;2;110;1057;P1;2330,18;I2;0;0
Granada;18083;Gobernador;75;2;0;286;P1;3056,92;I3;0;0
Granada;18084;Gójar;1291;21;884;5297;P1;590,32;I1;0;0
Granada;18085;Gor;324;3;54;917;P1;2868;I2;0;0
Granada;18086;Gorafe;122;2;42;474;P1;2988,17;I2;0;0
Granada;18087;Granada;65409;3914;32411;239154;P3;1207,2;I1;1;16
Granada;18088;Guadahortuna;298;5;122;1999;P1;716,14;I1;0;0
Granada;18089;Guadix;5362;183;3296;20407;P2;1019,37;I1;0;1
Granada;18093;Gualchos;1059;23;648;4330;P1;865,76;I1;0;0
Granada;18094;Güejar Sierra;585;10;314;2988;P1;1568,4;I2;0;0
Granada;18095;Güevéjar;547;6;434;2455;P1;530,28;I1;0;0
Granada;18096;Huélago;90;2;28;358;P1;2325,64;I2;0;0
Granada;18097;Huéneja;318;7;99;1214;P1;1465,98;I1;0;0
Granada;18098;Huéscar;1897;25;1025;8178;P1;1423,69;I1;0;1
Granada;18099;Huétor de Santillán;588;7;401;1891;P1;1034,09;I1;0;0
Granada;18100;Huétor Tájar;1953;51;1182;9998;P1;1077,07;I1;0;1
Granada;18101;Huétor Vega;2543;34;1686;11551;P1;906,57;I1;0;0
Granada;18102;Illora;2649;20;1318;10386;P1;927,3;I1;0;1
Granada;18105;Iznalloz;1417;32;671;7019;P1;762,29;I1;0;1
Granada;18107;Jayena;346;5;151;1209;P1;1157,23;I1;0;0
Granada;18108;Jerez del Marquesado;364;2;142;1083;P1;1040,25;I1;0;0
Granada;18109;Jete;173;4;55;890;P1;1309,98;I1;0;0
Granada;18111;Jun;853;10;800;3355;P1;858,34;I1;0;0
Granada;18112;Juviles;46;0;15;170;P1;4393,52;I3;0;0
Granada;18114;Calahorra (La);266;1;87;806;P1;1273,59;I1;0;0
Granada;18115;Láchar;680;17;480;3115;P1;1052,39;I1;0;0
Granada;18116;Lanjarón;797;32;376;3861;P1;1360,78;I1;0;0
Granada;18117;Lanteira;159;2;0;582;P1;1880,45;I2;0;0
Granada;18119;Lecrín;462;14;185;2304;P1;1783,66;I2;0;0
Granada;18120;Lentegí;70;2;18;340;P1;1343,86;I1;0;0
Granada;18121;Lobras;41;1;7;146;P1;3842,69;I3;0;0
Granada;18122;Loja;4369;165;2049;21688;P2;1140,45;I1;0;1
Granada;18123;Lugros;120;0;25;350;P1;2575,18;I2;0;0
Granada;18124;Lújar;99;1;26;462;P1;1050,26;I1;0;0
Granada;18126;Malahá (La);386;6;231;1840;P1;835,63;I1;0;0
Granada;18127;Maracena;3934;96;2208;21097;P2;1009,74;I1;0;1
Granada;18128;Marchal;109;2;28;373;P1;2018,57;I2;0;0
Granada;18132;Moclín;992;5;347;4237;P1;1074,91;I1;0;0
Granada;18133;Molvízar;494;3;245;3269;P1;832,95;I1;0;0
Granada;18134;Monachil;2381;89;1330;7294;P1;1227,82;I1;0;0
Granada;18135;Montefrío;1397;18;575;6229;P1;1178,94;I1;0;1
Granada;18136;Montejícar;438;1;196;2464;P1;979,89;I1;0;0
Granada;18137;Montillana;318;1;117;1360;P1;868,18;I1;0;0
Granada;18138;Moraleda de Zafayona;735;15;412;3076;P1;963,21;I1;0;0
Granada;18140;Motril;12040;539;5791;60884;P3;1003,78;I1;0;3
Granada;18141;Murtas;129;1;27;658;P1;1036,29;I1;0;0
Granada;18143;Nigüelas;255;3;107;1169;P1;2129,49;I2;0;0
Granada;18144;Nívar;269;1;207;872;P1;1016,19;I1;0;0
Granada;18145;Ogíjares;3560;99;2592;13255;P1;933,54;I1;0;0
Granada;18146;Orce;338;1;122;1321;P1;1140,91;I1;0;0
Granada;18147;Órgiva;1366;40;787;5789;P1;966,98;I1;0;1
Granada;18148;Otívar;254;4;75;1136;P1;808,03;I1;0;0
Granada;18149;Otura;2007;30;1654;6598;P1;701,15;I1;0;0
Granada;18150;Padul;1362;54;786;8270;P1;923,67;I1;0;0
Granada;18151;Pampaneira;92;2;48;356;P1;3810,08;I3;0;0
Granada;18152;Pedro Martínez;310;5;75;1293;P1;1339,39;I1;0;1
Granada;18153;Peligros;2935;328;1892;11000;P1;933,18;I1;0;1
Granada;18154;Peza (La);287;2;72;1341;P1;1705,18;I2;0;0
Granada;18157;Pinos Genil;371;10;308;1289;P1;916,25;I1;0;0
Granada;18158;Pinos Puente;2938;55;1675;13421;P1;758,04;I1;0;1
Granada;18159;Píñar;278;1;88;1314;P1;1350,68;I1;0;0
Granada;18161;Polícar;66;0;21;227;P1;3832,02;I3;0;0
Granada;18162;Polopos;463;11;213;1856;P1;1285,27;I1;0;0
Granada;18164;Puebla de Don Fadrique;532;5;167;2474;P1;1341,4;I1;0;0
Granada;18165;Pulianas;1273;66;1026;5187;P1;869,17;I1;0;0
Granada;18167;Purullena;499;13;304;2262;P1;1000,62;I1;0;1
Granada;18168;Quéntar;286;3;124;1045;P1;1580,24;I2;0;0
Granada;18170;Rubite;76;3;3;450;P1;1110,28;I1;0;0
Granada;18171;Salar;554;4;262;2831;P1;944,26;I1;0;0
Granada;18173;Salobreña;3519;71;2329;12821;P1;1087,08;I1;0;1
Granada;18174;Santa Cruz del Comercio;123;3;45;597;P1;1169,27;I1;0;0
Granada;18175;Santa Fe;3900;182;2936;15428;P1;854,9;I1;0;1
Granada;18176;Soportújar;59;1;0;250;P1;4109,71;I3;0;0
Granada;18177;Sorvilán;153;1;24;614;P1;1592,69;I2;0;0
Granada;18178;Torre-Cardela;227;0;54;955;P1;1095,04;I1;0;0
Granada;18179;Torvizcón;202;1;40;788;P1;1240,56;I1;0;0
Granada;18180;Trevélez;249;6;157;842;P1;1704,91;I2;0;0
Granada;18181;Turón;47;3;0;297;P1;1201,23;I1;0;0
Granada;18182;Ugíjar;617;8;295;2681;P1;930,26;I1;0;1
Granada;18183;Válor;278;1;95;702;P1;1346,11;I1;0;0
Granada;18184;Vélez de Benaudalla;629;8;371;2928;P1;1062,07;I1;0;0
Granada;18185;Ventas de Huelma;141;2;4;704;P1;1396,84;I1;0;0
Granada;18187;Villanueva de las Torres;203;1;63;708;P1;2066,33;I2;0;0
Granada;18188;Villanueva Mesía;432;4;204;2158;P1;1319,79;I1;0;0
Granada;18189;Víznar;284;3;177;845;P1;1196,07;I1;0;0
Granada;18192;Zafarraya;490;10;265;2129;P1;1252,75;I1;0;0
Granada;18193;Zubia (La);4611;72;3134;18240;P1;672,92;I1;0;1
Granada;18194;Zújar;526;3;213;3020;P1;1111,39;I1;0;0
Granada;18902;Valle (El);337;3;104;1130;P1;1969,53;I2;0;0
Granada;18903;Nevada;256;3;1;1179;P1;1577,05;I2;0;0
Granada;18904;Alpujarra de la Sierra;256;9;42;1119;P1;1694,61;I2;0;0
Granada;18905;Gabias (Las);4181;47;3081;17415;P1;662,57;I1;0;0
Granada;18906;Guajares (Los);286;4;61;1191;P1;991,37;I1;0;0
Granada;18907;Valle del Zalabí;584;1;263;2304;P1;1306,71;I1;0;0
Granada;18908;Villamena;204;5;32;1031;P1;1194,65;I1;0;0
Granada;18909;Morelábor;185;5;59;737;P1;882,58;I1;0;0
Granada;18910;Pinar (El);237;4;86;1011;P1;1585,81;I2;0;0
Granada;18911;Vegas del Genil;2276;32;2135;9102;P1;559,03;I1;0;0
Granada;18912;Cuevas del Campo;461;8;156;2054;P1;1062,33;I1;0;0
Granada;18913;Zagra;255;3;92;961;P1;1393,03;I1;0;0
Huelva;21001;Alájar;119;0;1;806;P1;686,78;I1;0;0
Huelva;21002;Aljaraque;4097;49;3730;18443;P1;789,67;I1;0;1
Huelva;21003;Almendro (El);164;2;93;879;P1;2049,36;I2;0;0
Huelva;21004;Almonaster la Real;397;0;94;1833;P1;2553,59;I2;0;0
Huelva;21005;Almonte;3224;188;1734;22204;P2;2060,49;I2;0;1
Huelva;21006;Alosno;813;1;409;4386;P1;645,35;I1;0;0
Huelva;21007;Aracena;2220;104;1440;7739;P1;1515,4;I2;0;1
Huelva;21008;Aroche;370;0;97;3206;P1;1119,97;I1;0;0
Huelva;21009;Arroyomolinos de León;223;0;63;1055;P1;1454,47;I1;0;0
Huelva;21010;Ayamonte;4975;187;3473;20597;P2;962,79;I1;0;1
Huelva;21011;Beas;1061;18;638;4336;P1;569,44;I1;0;0
Huelva;21012;Berrocal;115;0;14;358;P1;2176,25;I2;0;0
Huelva;21013;Bollullos Par del Condado;1978;76;1311;13959;P1;826,27;I1;0;1
Huelva;21014;Bonares;1192;40;806;6145;P1;748,6;I1;0;1
Huelva;21015;Cabezas Rubias;129;0;40;869;P1;1468,82;I1;0;0
Huelva;21016;Cala;357;0;184;1326;P1;1510,8;I2;0;0
Huelva;21017;Calañas;782;9;272;4284;P1;725,64;I1;0;1
Huelva;21018;Campillo (El);555;3;307;2194;P1;891,67;I1;0;0
Huelva;21020;Cañaveral de León;128;0;42;412;P1;1308,56;I1;0;0
Huelva;21021;Cartaya;3199;118;2097;18415;P1;951,1;I1;0;1
Huelva;21022;Castaño del Robledo;63;0;1;215;P1;1935,09;I2;0;0
Huelva;21023;Cerro de Andévalo (El);354;0;54;2483;P1;819,19;I1;0;0
Huelva;21024;Corteconcepción;192;0;66;607;P1;1511,44;I2;0;0
Huelva;21025;Cortegana;1041;34;585;4939;P1;860,1;I1;0;1
Huelva;21026;Cortelazor;85;0;35;300;P1;1842,83;I2;0;0
Huelva;21027;Cumbres de Enmedio;17;0;0;50;P1;2425,8;I2;0;0
Huelva;21028;Cumbres de San Bartolomé;148;0;47;459;P1;1367,51;I1;0;0
Huelva;21029;Cumbres Mayores;519;0;268;1954;P1;901,58;I1;0;1
Huelva;21030;Chucena;412;0;266;2130;P1;876,67;I1;0;0
Huelva;21031;Encinasola;454;0;134;1582;P1;1460,43;I1;0;0
Huelva;21032;Escacena del Campo;362;0;241;1996;P1;1077,67;I1;0;0
Huelva;21033;Fuenteheridos;195;0;104;599;P1;1057,78;I1;0;0
Huelva;21034;Galaroza;331;0;141;1606;P1;1115,72;I1;0;0
Huelva;21035;Gibraleón;2373;41;1584;12392;P1;928,83;I1;0;1
Huelva;21036;Granada de Río-Tinto (La);56;0;25;209;P1;1512,83;I2;0;0
Huelva;21037;Granado (El);111;2;36;572;P1;2287,91;I2;0;0
Huelva;21038;Higuera de la Sierra;272;1;130;1409;P1;1281,58;I1;0;0
Huelva;21039;Hinojales;97;0;0;370;P1;1459,74;I1;0;0
Huelva;21040;Hinojos;833;0;538;3926;P1;995,31;I1;0;0
Huelva;21041;Huelva;22071;2131;10708;149310;P3;917,18;I1;0;7
Huelva;21042;Isla Cristina;3922;122;2817;21719;P2;1012,25;I1;0;1
Huelva;21043;Jabugo;664;12;352;2388;P1;1166,06;I1;0;0
Huelva;21044;Lepe;4762;263;3054;26763;P2;1138;I1;0;1
Huelva;21045;Linares de la Sierra;78;0;27;295;P1;1205,51;I1;0;0
Huelva;21046;Lucena del Puerto;330;0;124;2659;P1;935,88;I1;0;0
Huelva;21047;Manzanilla;401;13;255;2347;P1;1222,02;I1;0;0
Huelva;21048;Marines (Los);110;0;44;355;P1;1651,06;I2;0;0
Huelva;21049;Minas de Riotinto;1270;45;766;4209;P1;856,37;I1;0;1
Huelva;21050;Moguer;4217;130;2922;20040;P2;1144,98;I1;0;1
Huelva;21051;Nava (La);73;0;43;327;P1;1619,87;I2;0;0
Huelva;21052;Nerva;1398;33;847;5945;P1;704,28;I1;0;0
Huelva;21053;Niebla;845;21;569;4214;P1;872,64;I1;0;0
Huelva;21054;Palma del Condado (La);1524;107;989;10475;P1;1104,15;I1;0;1
Huelva;21055;Palos de la Frontera;1782;135;1087;9167;P1;3364,81;I3;0;1
Huelva;21056;Paterna del Campo;639;0;464;3745;P1;847,19;I1;0;0
Huelva;21057;Paymogo;238;0;85;1306;P1;1449,03;I1;0;0
Huelva;21058;Puebla de Guzmán;549;16;235;3114;P1;1496,58;I1;0;1
Huelva;21059;Puerto Moral;74;0;29;270;P1;5724,04;I3;0;0
Huelva;21060;Punta Umbría;4157;69;2199;14714;P1;1399,48;I1;0;1
Huelva;21061;Rociana del Condado;716;24;381;7362;P1;916,71;I1;0;0
Huelva;21062;Rosal de la Frontera;360;6;167;1911;P1;1436,67;I1;0;0
Huelva;21063;San Bartolomé de la Torre;652;16;392;3530;P1;1060,12;I1;0;0
Huelva;21064;San Juan del Puerto;1188;95;689;8190;P1;759,5;I1;0;1
Huelva;21065;Sanlúcar de Guadiana;127;3;40;408;P1;1190,12;I1;0;0
Huelva;21066;San Silvestre de Guzmán;137;3;27;755;P1;1460,95;I1;0;0
Huelva;21067;Santa Ana la Real;109;0;0;493;P1;1466,94;I1;0;0
Huelva;21068;Santa Bárbara de Casa;116;0;0;1162;P1;1025,03;I1;0;0
Huelva;21069;Santa Olalla del Cala;467;7;269;2177;P1;1007,33;I1;0;1
Huelva;21070;Trigueros;1718;36;1247;7729;P1;685,09;I1;0;0
Huelva;21071;Valdelarco;89;0;0;254;P1;2025,4;I2;0;0
Huelva;21072;Valverde del Camino;2768;105;1813;12746;P1;1135,68;I1;0;1
Huelva;21073;Villablanca;362;12;204;2800;P1;818,64;I1;0;0
Huelva;21074;Villalba del Alcor;520;17;357;3465;P1;842,8;I1;0;0
Huelva;21075;Villanueva de las Cruces;73;0;1;413;P1;1292,37;I1;0;0
Huelva;21076;Villanueva de los Castillejos;627;24;349;2790;P1;1083,06;I1;0;0
Huelva;21077;Villarrasa;382;8;204;2170;P1;1422,47;I1;0;0
Huelva;21078;Zalamea la Real;880;9;482;3407;P1;908,45;I1;0;0
Huelva;21079;Zufre;258;0;124;940;P1;1466,15;I1;0;0
Jaén;23001;Albanchez de Mágina;268;0;63;1230;P1;1348,52;I1;0;0
Jaén;23002;Alcalá la Real;5449;179;2734;22759;P2;1276,71;I1;0;2
Jaén;23003;Alcaudete;2835;65;1411;11135;P1;1297,12;I1;0;1
Jaén;23004;Aldeaquemada;121;4;2;541;P1;2263,43;I2;0;0
Jaén;23005;Andújar;7999;305;3863;39171;P2;904,59;I1;0;2
Jaén;23006;Arjona;1462;21;815;5807;P1;869,21;I1;0;1
Jaén;23007;Arjonilla;907;12;530;3840;P1;1450,2;I1;0;0
Jaén;23008;Arquillos;353;6;171;1944;P1;1083,44;I1;0;0
Jaén;23009;Baeza;4170;142;2678;16360;P1;1230,61;I1;0;1
Jaén;23010;Bailén;3844;148;2810;18763;P1;711,53;I1;0;1
Jaén;23011;Baños de la Encina;694;0;384;2733;P1;896,71;I1;0;0
Jaén;23012;Beas de Segura;1499;27;685;5674;P1;1188,57;I1;0;1
Jaén;23014;Begíjar;688;0;333;3174;P1;1026,82;I1;0;0
Jaén;23015;Bélmez de la Moraleda;312;0;135;1795;P1;1181,81;I1;0;0
Jaén;23016;Benatae;154;4;67;548;P1;1679,91;I2;0;0
Jaén;23017;Cabra del Santo Cristo;471;0;210;2070;P1;1144,01;I1;0;0
Jaén;23018;Cambil;565;11;169;2940;P1;684,88;I1;0;1
Jaén;23019;Campillo de Arenas;546;0;268;2084;P1;890,68;I1;0;0
Jaén;23020;Canena;473;12;188;2092;P1;741,4;I1;0;0
Jaén;23021;Carboneros;151;3;84;670;P1;1135,83;I1;0;0
Jaén;23024;Carolina (La);3842;142;2591;15901;P1;958,24;I1;0;1
Jaén;23025;Castellar;893;20;508;3593;P1;1179,92;I1;0;0
Jaén;23026;Castillo de Locubín;1238;11;486;4692;P1;1000,33;I1;0;0
Jaén;23027;Cazalilla;192;8;75;878;P1;1707,05;I2;0;0
Jaén;23028;Cazorla;2192;64;1187;8104;P1;1131,95;I1;0;1
Jaén;23029;Chiclana de Segura;280;4;95;1195;P1;1848,51;I2;0;0
Jaén;23030;Chilluévar;336;4;104;1603;P1;1327,81;I1;0;0
Jaén;23031;Escañuela;238;3;114;988;P1;1078,94;I1;0;0
Jaén;23032;Espelúy;128;11;40;753;P1;1657,23;I2;0;0
Jaén;23033;Frailes;444;0;171;1768;P1;1224,67;I1;0;0
Jaén;23034;Fuensanta de Martos;818;13;417;3267;P1;893,13;I1;0;0
Jaén;23035;Fuerte del Rey;327;0;201;1388;P1;1203,23;I1;0;0
Jaén;23037;Génave;151;2;0;637;P1;1358,2;I1;0;0
Jaén;23038;Guardia de Jaén (La);835;0;675;4232;P1;1023,91;I1;0;0
Jaén;23039;Guarromán;690;53;396;2909;P1;1190,16;I1;0;0
Jaén;23040;Lahiguera;332;4;153;1878;P1;1540,18;I2;0;0
Jaén;23041;Higuera de Calatrava;194;3;94;657;P1;1331,63;I1;0;0
Jaén;23042;Hinojares;138;1;43;414;P1;1513,63;I2;0;0
Jaén;23043;Hornos;165;2;58;683;P1;1474,05;I1;0;0
Jaén;23044;Huelma;1297;30;719;6208;P1;1053,1;I1;0;1
Jaén;23045;Huesa;500;0;240;2667;P1;1222,99;I1;0;0
Jaén;23046;Ibros;662;4;352;3144;P1;930,15;I1;0;0
Jaén;23047;Iruela (La);421;6;164;2011;P1;2024,44;I2;0;0
Jaén;23048;Iznatoraf;285;7;138;1079;P1;911,7;I1;0;0
Jaén;23049;Jabalquinto;469;2;196;2337;P1;1026,71;I1;0;0
Jaén;23050;Jaén;22778;1979;11879;116790;P3;871,27;I1;1;7
Jaén;23051;Jamilena;700;0;487;3521;P1;790,23;I1;0;0
Jaén;23052;Jimena;334;2;125;1435;P1;1270;I1;0;0
Jaén;23053;Jódar;1603;36;672;12117;P1;811,76;I1;0;1
Jaén;23054;Larva;93;2;0;502;P1;2356,97;I2;0;0
Jaén;23055;Linares;10206;554;4780;61306;P3;1081,27;I1;0;3
Jaén;23056;Lopera;805;12;453;3986;P1;958,47;I1;0;0
Jaén;23057;Lupión;264;0;108;966;P1;1007,56;I1;0;0
Jaén;23058;Mancha Real;2807;107;1877;11088;P1;801,19;I1;0;1
Jaén;23059;Marmolejo;1739;35;963;7485;P1;906,82;I1;0;0
Jaén;23060;Martos;4772;181;2048;24707;P2;1080,43;I1;0;1
Jaén;23061;Mengíbar;1846;80;1292;9797;P1;755,15;I1;0;1
Jaén;23062;Montizón;393;6;158;1921;P1;898,67;I1;0;0
Jaén;23063;Navas de San Juan;1042;12;584;5021;P1;835,15;I1;0;0
Jaén;23066;Peal de Becerro;1209;45;677;5523;P1;1117,65;I1;0;1
Jaén;23067;Pegalajar;788;12;406;3116;P1;1373,3;I1;0;0
Jaén;23069;Porcuna;1676;29;999;6825;P1;894,32;I1;0;1
Jaén;23070;Pozo Alcón;1103;18;564;5413;P1;756,85;I1;0;1
Jaén;23071;Puente de Génave;577;21;273;2298;P1;1626,62;I2;0;0
Jaén;23072;Puerta de Segura (La);772;0;399;2653;P1;2056,54;I2;0;0
Jaén;23073;Quesada;1401;22;647;5898;P1;1248,63;I1;0;0
Jaén;23074;Rus;411;8;190;3796;P1;1031,18;I1;0;0
Jaén;23075;Sabiote;1013;0;497;4279;P1;1294,4;I1;0;0
Jaén;23076;Santa Elena;303;7;140;1007;P1;1327,08;I1;0;0
Jaén;23077;Santiago de Calatrava;241;0;69;857;P1;1275,25;I1;0;0
Jaén;23079;Santisteban del Puerto;1104;29;589;4837;P1;1031,71;I1;0;1
Jaén;23080;Santo Tomé;380;7;115;2486;P1;1031,49;I1;0;0
Jaén;23081;Segura de la Sierra;586;11;212;2026;P1;1698,12;I2;0;0
Jaén;23082;Siles;651;0;302;2454;P1;1013,2;I1;0;0
Jaén;23084;Sorihuela del Guadalimar;324;0;164;1349;P1;1148,37;I1;0;0
Jaén;23085;Torreblascopedro;621;3;264;2859;P1;919,45;I1;0;0
Jaén;23086;Torre del Campo;2941;66;1990;14657;P1;1201,66;I1;0;1
Jaén;23087;Torredonjimeno;2670;71;1703;14112;P1;908,45;I1;0;1
Jaén;23088;Torreperogil;1601;33;930;7516;P1;833,18;I1;0;1
Jaén;23090;Torres;455;0;164;1656;P1;1362,41;I1;0;0
Jaén;23091;Torres de Albánchez;256;6;84;978;P1;2842,18;I2;0;0
Jaén;23092;Úbeda;8297;521;4552;36025;P2;932,33;I1;0;2
Jaén;23093;Valdepeñas de Jaén;1045;11;545;4137;P1;856,97;I1;0;0
Jaén;23094;Vilches;966;33;397;4892;P1;1429,12;I1;0;0
Jaén;23095;Villacarrillo;2662;60;1402;11278;P1;1267,1;I1;0;1
Jaén;23096;Villanueva de la Reina;688;18;340;3403;P1;1285;I1;0;0
Jaén;23097;Villanueva del Arzobispo;2036;39;1143;8755;P1;1310,96;I1;0;1
Jaén;23098;Villardompardo;295;2;124;1122;P1;983,04;I1;0;0
Jaén;23099;Villares (Los);1121;17;718;5819;P1;1207,41;I1;0;0
Jaén;23101;Villarrodrigo;176;2;36;450;P1;1822,36;I2;0;0
Jaén;23901;Cárcheles;400;11;183;1504;P1;910,79;I1;0;0
Jaén;23902;Bedmar y Garcíez;702;0;243;3132;P1;1178,05;I1;0;0
Jaén;23903;Villatorres;976;0;501;4438;P1;1075,1;I1;0;0
Jaén;23904;Santiago-Pontones;1066;10;268;3702;P1;1202,25;I1;0;1
Jaén;23905;Arroyo del Ojanco;606;0;321;2509;P1;896,4;I1;0;0
Málaga;29001;Alameda;594;13;343;5486;P1;909,18;I1;0;0
Málaga;29002;Alcaucín;526;4;167;2668;P1;899,89;I1;0;0
Málaga;29003;Alfarnate;259;5;28;1338;P1;1192,27;I1;0;0
Málaga;29004;Alfarnatejo;109;2;9;543;P1;1482,27;I1;0;0
Málaga;29005;Algarrobo;1738;16;1002;6350;P1;1180,08;I1;0;1
Málaga;29006;Algatocín;128;3;34;937;P1;815,72;I1;0;1
Málaga;29007;Alhaurín de la Torre;7521;251;5092;35832;P2;1279,82;I1;0;1
Málaga;29008;Alhaurín el Grande;4543;139;2983;23675;P2;993,9;I1;0;1
Málaga;29009;Almáchar;310;10;100;1899;P1;1513,17;I2;0;0
Málaga;29010;Almargen;550;0;299;2137;P1;1130,2;I1;0;0
Málaga;29011;Almogía;823;4;325;4257;P1;1187,58;I1;0;0
Málaga;29012;Álora;2844;43;1568;13474;P1;926,8;I1;0;1
Málaga;29013;Alozaina;412;0;223;2244;P1;2829,52;I2;0;1
Málaga;29014;Alpandeire;74;3;1;270;P1;2650,64;I2;0;0
Málaga;29015;Antequera;11372;591;5548;45234;P2;973,58;I1;0;1
Málaga;29016;Árchez;73;1;19;446;P1;1785,1;I2;0;0
Málaga;29017;Archidona;2148;67;1204;8837;P1;1057,29;I1;0;1
Málaga;29018;Ardales;532;10;311;2660;P1;1395,95;I1;0;0
Málaga;29019;Arenas;212;5;89;1411;P1;1025,86;I1;0;0
Málaga;29020;Arriate;861;8;502;4137;P1;921,08;I1;0;0
Málaga;29022;Benadalid;59;2;2;265;P1;3763,66;I3;0;0
Málaga;29023;Benahavís;2808;219;1887;4932;P1;2511,28;I2;0;0
Málaga;29024;Benalauría;67;5;12;506;P1;1630,21;I2;0;0
Málaga;29025;Benalmádena;17168;725;10413;61383;P3;1327,84;I1;0;2
Málaga;29026;Benamargosa;317;0;159;1610;P1;1484,55;I1;0;1
Málaga;29027;Benamocarra;289;9;8;3035;P1;1134,67;I1;0;0
Málaga;29028;Benaoján;338;8;153;1602;P1;1743,79;I2;0;1
Málaga;29029;Benarrabá;107;2;37;567;P1;1455,9;I1;0;0
Málaga;29030;Borge (El);156;4;69;1015;P1;2368,69;I2;0;0
Málaga;29031;Burgo (El);363;0;173;1981;P1;1076,2;I1;0;0
Málaga;29032;Campillos;2081;69;1428;8641;P1;1300,12;I1;0;1
Málaga;29033;Canillas de Aceituno;303;7;28;2285;P1;912,02;I1;0;0
Málaga;29034;Canillas de Albaida;247;4;83;924;P1;2082,91;I2;0;0
Málaga;29035;Cañete la Real;503;6;218;1990;P1;1833,55;I2;0;0
Málaga;29036;Carratraca;161;7;79;886;P1;985,82;I1;0;0
Málaga;29037;Cartajima;52;2;1;266;P1;3549,5;I3;0;0
Málaga;29038;Cártama;3825;122;3031;22173;P2;763,58;I1;0;1
Málaga;29039;Casabermeja;769;14;477;3554;P1;1184,36;I1;0;0
Málaga;29040;Casarabonela;577;11;295;2723;P1;865,6;I1;0;0
Málaga;29041;Casares;1666;30;1113;5182;P1;2480,17;I2;0;0
Málaga;29042;Coín;4647;169;3113;22030;P2;1114,01;I1;0;1
Málaga;29043;Colmenar;792;29;415;3681;P1;1828,31;I2;0;1
Málaga;29044;Comares;279;3;43;1615;P1;1153,95;I1;0;0
Málaga;29045;Cómpeta;982;16;487;3862;P1;908,09;I1;0;0
Málaga;29046;Cortes de la Frontera;672;8;354;3642;P1;1391,57;I1;0;0
Málaga;29047;Cuevas Bajas;331;4;161;1459;P1;1293,46;I1;0;0
Málaga;29048;Cuevas del Becerro;460;0;249;1771;P1;1676,14;I2;0;0
Málaga;29049;Cuevas de San Marcos;773;14;459;4107;P1;787,49;I1;0;0
Málaga;29050;Cútar;153;2;25;671;P1;1670,78;I2;0;0
Málaga;29051;Estepona;17969;945;10176;66150;P3;1562,65;I2;0;2
Málaga;29052;Faraján;70;3;2;252;P1;2983,14;I2;0;0
Málaga;29053;Frigiliana;963;0;603;3171;P1;1727,22;I2;0;0
Málaga;29054;Fuengirola;18704;942;9203;71783;P3;1216,45;I1;0;2
Málaga;29055;Fuente de Piedra;537;0;339;2795;P1;1262,45;I1;0;0
Málaga;29056;Gaucín;498;13;254;1845;P1;942,95;I1;0;0
Málaga;29057;Genalguacil;115;1;29;491;P1;1542,08;I2;0;0
Málaga;29058;Guaro;404;6;207;2285;P1;1184,92;I1;0;0
Málaga;29059;Humilladero;479;8;219;3324;P1;1257,66;I1;0;0
Málaga;29060;Igualeja;176;2;64;908;P1;1520,48;I2;0;0
Málaga;29061;Istán;448;9;253;1486;P1;1891,67;I2;0;0
Málaga;29062;Iznate;69;6;1;923;P1;1851,41;I2;0;0
Málaga;29063;Jimera de Líbar;123;1;41;473;P1;3175,38;I3;0;0
Málaga;29064;Jubrique;115;4;28;751;P1;1554,31;I2;0;0
Málaga;29065;Júzcar;66;2;19;221;P1;5055,78;I3;0;0
Málaga;29066;Macharaviaya;59;3;2;519;P1;3772,23;I3;0;0
Málaga;29067;Málaga;119536;9462;63687;568507;P3;1258,15;I1;1;26
Málaga;29068;Manilva;4339;152;3007;14168;P1;2664,29;I2;0;0
Málaga;29069;Marbella;51600;3821;29654;136322;P3;1788,68;I2;0;3
Málaga;29070;Mijas;20043;807;12698;76362;P3;1382,1;I1;0;1
Málaga;29071;Moclinejo;172;5;2;1274;P1;2379,28;I2;0;0
Málaga;29072;Mollina;991;35;608;5274;P1;1017,32;I1;0;1
Málaga;29073;Monda;510;12;302;2470;P1;983,83;I1;0;0
Málaga;29074;Montejaque;250;5;94;1017;P1;1813,89;I2;0;0
Málaga;29075;Nerja;6509;251;3754;21957;P2;1334,83;I1;0;1
Málaga;29076;Ojén;1148;40;822;2949;P1;1800,73;I2;0;0
Málaga;29077;Parauta;72;6;7;254;P1;2846,06;I2;0;0
Málaga;29079;Periana;769;0;299;3602;P1;1307,33;I1;0;0
Málaga;29080;Pizarra;1594;29;1115;8990;P1;913,05;I1;0;1
Málaga;29081;Pujerra;63;2;11;347;P1;1882,55;I2;0;0
Málaga;29082;Rincón de la Victoria;11193;226;7391;39922;P2;963,79;I1;0;1
Málaga;29083;Riogordo;609;9;269;3059;P1;1020,59;I1;0;0
Málaga;29084;Ronda;8458;384;4120;36909;P2;1167,32;I1;0;2
Málaga;29085;Salares;51;0;18;205;P1;3907,62;I3;0;0
Málaga;29086;Sayalonga;348;0;129;1555;P1;1361,75;I1;0;0
Málaga;29087;Sedella;132;2;24;687;P1;2568,18;I2;0;0
Málaga;29088;Sierra de Yeguas;568;7;357;3545;P1;1241,04;I1;0;0
Málaga;29089;Teba;568;8;272;4184;P1;1244,06;I1;0;0
Málaga;29090;Tolox;459;0;203;2346;P1;804,45;I1;0;0
Málaga;29091;Torrox;5108;124;2600;17303;P1;1105,7;I1;0;1
Málaga;29092;Totalán;156;2;66;737;P1;2091,33;I2;0;0
Málaga;29093;Valle de Abdalajís;475;6;242;2802;P1;1623,59;I2;0;0
Málaga;29094;Vélez-Málaga;14877;703;7828;75623;P3;1420,15;I1;0;3
Málaga;29095;Villanueva de Algaidas;1152;19;636;4515;P1;1359,75;I1;0;0
Málaga;29096;Villanueva del Rosario;891;6;463;3698;P1;1098,55;I1;0;0
Málaga;29097;Villanueva del Trabuco;1167;15;592;5447;P1;1048,66;I1;0;0
Málaga;29098;Villanueva de Tapia;154;3;69;1675;P1;1121,07;I1;0;0
Málaga;29099;Viñuela;403;0;147;1993;P1;1745,23;I2;0;1
Málaga;29100;Yunquera;600;7;337;3205;P1;734,12;I1;0;0
Málaga;29901;Torremolinos;17448;902;10084;66957;P3;1645,32;I2;0;2
Sevilla;41001;Aguadulce;552;12;263;2181;P1;1474,75;I1;0;0
Sevilla;41002;Alanís;431;9;205;1863;P1;1445,23;I1;0;0
Sevilla;41003;Albaida del Aljarafe;651;9;545;2898;P1;877,9;I1;0;0
Sevilla;41004;Alcalá de Guadaíra;12817;1144;6905;71740;P3;1231,03;I1;0;3
Sevilla;41005;Alcalá del Río;2038;44;1437;11004;P1;1063,71;I1;0;1
Sevilla;41006;Alcolea del Río;522;9;329;3407;P1;975,43;I1;0;0
Sevilla;41007;Algaba (La);3451;54;2676;15255;P1;752,74;I1;0;1
Sevilla;41008;Algámitas;284;8;86;1346;P1;1116,14;I1;0;0
Sevilla;41009;Almadén de la Plata;405;5;154;1520;P1;2852,86;I2;0;0
Sevilla;41010;Almensilla;1345;9;1226;5732;P1;982,92;I1;0;0
Sevilla;41011;Arahal;2962;77;1939;19335;P1;898,01;I1;0;1
Sevilla;41012;Aznalcázar;549;33;370;4128;P1;1483,57;I1;0;0
Sevilla;41013;Aznalcóllar;1160;27;833;6191;P1;1100,79;I1;0;0
Sevilla;41014;Badolatosa;569;3;281;3238;P1;1121,18;I1;0;0
Sevilla;41015;Benacazón;1394;18;1074;6726;P1;818,96;I1;0;0
Sevilla;41016;Bollullos de la Mitación;2858;171;2431;9142;P1;1037,29;I1;0;0
Sevilla;41017;Bormujos;4686;163;3590;19110;P1;778,56;I1;0;0
Sevilla;41018;Brenes;2668;67;1919;12580;P1;795,84;I1;0;1
Sevilla;41019;Burguillos;1149;23;1018;6120;P1;763,07;I1;0;0
Sevilla;41020;Cabezas de San Juan (Las);1854;76;1183;16571;P1;950,87;I1;0;1
Sevilla;41021;Camas;5747;274;2819;26086;P2;819,69;I1;0;1
Sevilla;41022;Campana (La);873;15;459;5507;P1;1042,22;I1;0;0
Sevilla;41023;Cantillana;1904;57;1352;10643;P1;877,8;I1;0;1
Sevilla;41024;Carmona;5510;189;2891;28576;P2;986,74;I1;0;1
Sevilla;41025;Carrión de los Céspedes;553;11;345;2511;P1;960,43;I1;0;0
Sevilla;41026;Casariche;757;16;357;5579;P1;989,86;I1;0;0
Sevilla;41027;Castilblanco de los Arroyos;1196;10;686;5156;P1;1581,69;I2;0;0
Sevilla;41028;Castilleja de Guzmán;647;10;551;2846;P1;987,18;I1;0;0
Sevilla;41029;Castilleja de la Cuesta;4512;128;3068;17282;P1;863,84;I1;0;1
Sevilla;41030;Castilleja del Campo;184;5;117;653;P1;2469,98;I2;0;0
Sevilla;41031;Castillo de las Guardas (El);461;0;119;1612;P1;1533,53;I2;0;0
Sevilla;41032;Cazalla de la Sierra;1171;41;591;5009;P1;1446,38;I1;0;1
Sevilla;41033;Constantina;1404;30;663;6586;P1;778,08;I1;0;1
Sevilla;41034;Coria del Río;4787;157;2501;28654;P2;739,64;I1;0;2
Sevilla;41035;Coripe;346;5;173;1446;P1;1381,79;I1;0;0
Sevilla;41036;Coronil (El);497;11;198;5042;P1;960,27;I1;0;0
Sevilla;41037;Corrales (Los);852;10;506;4063;P1;1164,28;I1;0;0
Sevilla;41038;Dos Hermanas;19709;1345;11257;125086;P3;901,97;I1;0;6
Sevilla;41039;Écija;7400;401;3569;40534;P2;1046,91;I1;0;2
Sevilla;41040;Espartinas;3248;42;2566;13166;P1;765,3;I1;0;0
Sevilla;41041;Estepa;3064;96;1989;12682;P1;1572,55;I2;0;1
Sevilla;41042;Fuentes de Andalucía;1458;19;891;7309;P1;1141,97;I1;0;0
Sevilla;41043;Garrobo (El);231;0;122;772;P1;3273,24;I3;0;0
Sevilla;41044;Gelves;2467;87;2091;9244;P1;979,75;I1;0;0
Sevilla;41045;Gerena;1641;27;1207;6812;P1;892,77;I1;0;0
Sevilla;41046;Gilena;607;20;321;3960;P1;1189,55;I1;0;0
Sevilla;41047;Gines;3426;89;2496;13108;P1;798,77;I1;0;0
Sevilla;41048;Guadalcanal;705;9;366;2962;P1;810,73;I1;0;0
Sevilla;41049;Guillena;2569;40;1904;11456;P1;1488,28;I1;0;1
Sevilla;41050;Herrera;1304;13;868;6516;P1;1567,7;I2;0;0
Sevilla;41051;Huévar del Aljarafe;553;13;447;2658;P1;1505,75;I2;0;0
Sevilla;41052;Lantejuela (La);505;17;307;3882;P1;891,81;I1;0;0
Sevilla;41053;Lebrija;2605;125;1548;26783;P2;1128,95;I1;0;1
Sevilla;41054;Lora de Estepa;223;2;128;873;P1;1846,05;I2;0;0
Sevilla;41055;Lora del Río;2783;77;1626;19393;P1;935,23;I1;0;1
Sevilla;41056;Luisiana (La);832;17;460;4614;P1;1143,38;I1;0;1
Sevilla;41057;Madroño (El);115;0;27;350;P1;2268,37;I2;0;0
Sevilla;41058;Mairena del Alcor;4505;90;3712;21100;P2;1122,6;I1;0;1
Sevilla;41059;Mairena del Aljarafe;9880;730;7064;41510;P2;915,77;I1;0;1
Sevilla;41060;Marchena;2929;98;1631;19861;P1;865,19;I1;0;1
Sevilla;41061;Marinaleda;447;8;258;2759;P1;1835,27;I2;0;0
Sevilla;41062;Martín de la Jara;417;7;214;2782;P1;1487,7;I1;0;0
Sevilla;41063;Molares (Los);561;15;419;3310;P1;883,51;I1;0;0
Sevilla;41064;Montellano;906;19;392;7146;P1;1320,91;I1;0;1
Sevilla;41065;Morón de la Frontera;4049;237;1768;28467;P2;1448,5;I1;0;2
Sevilla;41066;Navas de la Concepción (Las);387;6;191;1743;P1;1378,5;I1;0;0
Sevilla;41067;Olivares;2346;26;1821;9534;P1;759,07;I1;0;1
Sevilla;41068;Osuna;4177;128;2612;17926;P1;1431,75;I1;0;1
Sevilla;41069;Palacios y Villafranca (Los);4326;181;2740;37279;P2;776,22;I1;1;1
Sevilla;41070;Palomares del Río;2117;23;1960;7185;P1;1033,04;I1;0;0
Sevilla;41071;Paradas;1031;24;760;7068;P1;1027,86;I1;0;0
Sevilla;41072;Pedrera;607;24;246;5339;P1;1190,78;I1;0;0
Sevilla;41073;Pedroso (El);545;14;292;2218;P1;1385,77;I1;0;0
Sevilla;41074;Peñaflor;714;13;415;3814;P1;1149,8;I1;0;0
Sevilla;41075;Pilas;1273;61;677;13509;P1;835,25;I1;0;1
Sevilla;41076;Pruna;513;11;182;2892;P1;1030,61;I1;0;0
Sevilla;41077;Puebla de Cazalla (La);1043;27;378;11434;P1;1014,99;I1;0;1
Sevilla;41078;Puebla de los Infantes (La);694;8;307;3221;P1;1341,28;I1;0;0
Sevilla;41079;Puebla del Río (La);2526;39;1934;12210;P1;680,88;I1;0;0
Sevilla;41080;Real de la Jara (El);381;5;166;1607;P1;1346,91;I1;0;0
Sevilla;41081;Rinconada (La);7088;366;4640;36641;P2;1117,8;I1;0;2
Sevilla;41082;Roda de Andalucía (La);1018;50;627;4451;P1;1047,64;I1;0;0
Sevilla;41083;Ronquillo (El);289;6;122;1432;P1;2503,21;I2;0;0
Sevilla;41084;Rubio (El);749;11;403;3549;P1;1051,44;I1;0;0
Sevilla;41085;Salteras;1626;83;1340;5177;P1;1556,82;I2;0;0
Sevilla;41086;San Juan de Aznalfarache;4381;171;2110;21025;P2;998,14;I1;0;1
Sevilla;41087;Sanlúcar la Mayor;2960;100;2151;13016;P1;987,47;I1;0;1
Sevilla;41088;San Nicolás del Puerto;180;3;87;644;P1;1268,28;I1;0;0
Sevilla;41089;Santiponce;2107;34;1604;8238;P1;1048,7;I1;0;0
Sevilla;41090;Saucejo (El);455;10;134;4459;P1;839,49;I1;0;1
Sevilla;41091;Sevilla;161649;12995;78876;704198;P3;1149,6;I1;3;32
Sevilla;41092;Tocina;1952;31;1385;9524;P1;800,05;I1;0;0
Sevilla;41093;Tomares;5451;240;3873;23310;P2;990,4;I1;0;1
Sevilla;41094;Umbrete;1895;33;1589;8010;P1;938,83;I1;0;0
Sevilla;41095;Utrera;7779;329;3852;51177;P3;895,68;I1;0;2
Sevilla;41096;Valencina de la Concepción;2504;74;1718;8031;P1;943,55;I1;0;0
Sevilla;41097;Villamanrique de la Condesa;541;14;248;4162;P1;1810,56;I2;0;0
Sevilla;41098;Villanueva del Ariscal;1384;18;843;6078;P1;1027,61;I1;0;0
Sevilla;41099;Villanueva del Río y Minas;1101;15;572;5260;P1;870,61;I1;0;0
Sevilla;41100;Villanueva de San Juan;275;5;83;1370;P1;1345,9;I1;0;0
Sevilla;41101;Villaverde del Río;1264;24;944;7447;P1;1043,1;I1;0;0
Sevilla;41102;Viso del Alcor (El);1457;76;893;18641;P1;820,24;I1;0;1
Sevilla;41901;Cañada Rosal;353;9;174;3242;P1;953,44;I1;0;0
Sevilla;41902;Isla Mayor;1027;16;666;5930;P1;1043,8;I1;0;0
Sevilla;41903;Cuervo de Sevilla (El);515;27;272;8673;P1;1046,28;I1;0;1
